{
  "total_completed": 126,
  "total_spawned": 142,
  "avg_travel_time": 47.68137176504318,
  "sources": {
    "S1": 56,
    "S2": 40,
    "S3": 46
  },
  "sinks": {
    "SK1": {
      "received": 56,
      "avg_travel_time": 49.4103514697032
    },
    "SK2": {
      "received": 39,
      "avg_travel_time": 50.007098660770225
    },
    "SK3": {
      "received": 31,
      "avg_travel_time": 41.632139107161976
    }
  },
  "roads": {
    "R_S1_J1": {
      "throughput": 54,
      "avg_queue": 1.5341098169717138,
      "avg_wait": 0.0
    },
    "R_S2_J1": {
      "throughput": 36,
      "avg_queue": 1.3510815307820299,
      "avg_wait": 0.0
    },
    "R_S3_J4": {
      "throughput": 45,
      "avg_queue": 0.9500831946755408,
      "avg_wait": 0.0
    },
    "R_J1_J5": {
      "throughput": 46,
      "avg_queue": 0.6905158069883528,
      "avg_wait": 0.0
    },
    "R_J5_J2": {
      "throughput": 32,
      "avg_queue": 0.4858569051580699,
      "avg_wait": 0.0
    },
    "R_J2_SK1": {
      "throughput": 56,
      "avg_queue": 1.6622296173044926,
      "avg_wait": 0.0
    },
    "R_J3_J6": {
      "throughput": 0,
      "avg_queue": 0.0,
      "avg_wait": 0.0
    },
    "R_J6_J4": {
      "throughput": 0,
      "avg_queue": 0.0,
      "avg_wait": 0.0
    },
    "R_J4_J7": {
      "throughput": 20,
      "avg_queue": 0.33277870216306155,
      "avg_wait": 0.0
    },
    "R_J7_SK3": {
      "throughput": 31,
      "avg_queue": 0.49750415973377704,
      "avg_wait": 0.0
    },
    "R_J1_J3": {
      "throughput": 40,
      "avg_queue": 1.108153078202995,
      "avg_wait": 0.0
    },
    "R_J2_J4": {
      "throughput": 0,
      "avg_queue": 0.0,
      "avg_wait": 0.0
    },
    "R_J3_SK2": {
      "throughput": 39,
      "avg_queue": 1.0415973377703827,
      "avg_wait": 0.0
    },
    "R_J5_J6": {
      "throughput": 13,
      "avg_queue": 0.36772046589018303,
      "avg_wait": 0.0
    },
    "R_J6_J7": {
      "throughput": 11,
      "avg_queue": 0.24126455906821964,
      "avg_wait": 0.0
    },
    "R_J4_J2": {
      "throughput": 25,
      "avg_queue": 0.7071547420965059,
      "avg_wait": 0.0
    },
    "R_J3_J1": {
      "throughput": 0,
      "avg_queue": 0.0,
      "avg_wait": 0.0
    },
    "R_J7_J2": {
      "throughput": 0,
      "avg_queue": 0.0,
      "avg_wait": 0.0
    }
  },
  "junctions": {
    "J1": {
      "processed": 0,
      "avg_queue": 0.0,
      "avg_wait": 0.0
    },
    "J2": {
      "processed": 0,
      "avg_queue": 0.0,
      "avg_wait": 0.0
    },
    "J3": {
      "processed": 0,
      "avg_queue": 0.0,
      "avg_wait": 0.0
    },
    "J4": {
      "processed": 0,
      "avg_queue": 0.0,
      "avg_wait": 0.0
    },
    "J5": {
      "processed": 0,
      "avg_queue": 0.0,
      "avg_wait": 0.0
    },
    "J6": {
      "processed": 0,
      "avg_queue": 0.0,
      "avg_wait": 0.0
    },
    "J7": {
      "processed": 0,
      "avg_queue": 0.0,
      "avg_wait": 0.0
    }
  }
}